-- phpMyAdmin SQL Dump
-- version 5.2.1
-- https://www.phpmyadmin.net/
--
-- Host: 127.0.0.1
-- Generation Time: Feb 29, 2024 at 03:38 PM
-- Server version: 10.4.32-MariaDB
-- PHP Version: 8.2.12

SET SQL_MODE = "NO_AUTO_VALUE_ON_ZERO";
START TRANSACTION;
SET time_zone = "+00:00";


/*!40101 SET @OLD_CHARACTER_SET_CLIENT=@@CHARACTER_SET_CLIENT */;
/*!40101 SET @OLD_CHARACTER_SET_RESULTS=@@CHARACTER_SET_RESULTS */;
/*!40101 SET @OLD_COLLATION_CONNECTION=@@COLLATION_CONNECTION */;
/*!40101 SET NAMES utf8mb4 */;

--
-- Database: `testdatabase`
--

-- --------------------------------------------------------

--
-- Table structure for table `feedback`
--

CREATE TABLE `feedback` (
  `ID` int(11) NOT NULL,
  `Name` varchar(255) NOT NULL,
  `Std_Course_Type` varchar(255) NOT NULL,
  `Feedback` varchar(255) NOT NULL,
  `Image` varchar(255) DEFAULT NULL
) ENGINE=InnoDB DEFAULT CHARSET=utf8mb4 COLLATE=utf8mb4_general_ci;

--
-- Dumping data for table `feedback`
--

INSERT INTO `feedback` (`ID`, `Name`, `Std_Course_Type`, `Feedback`, `Image`) VALUES
(1, 'Maryta', 'Student of web development', '“This course was very well-organized and easy to follow. The instructor was very knowledgeable and explained everything in a way that was easy to understand. I would recommend this course to anyone who wants to learn HTML.”', 'teacher-1.jpg'),
(2, 'Jonh Son', 'Student of Data Analytic', '“This course was very well-organized and easy to follow. The instructor was very knowledgeable and explained everything in a way that was easy to understand. I would recommend this course to anyone who wants to learn HTML.”', 'teacher-2.jpg');

-- --------------------------------------------------------

--
-- Table structure for table `newcourses`
--

CREATE TABLE `newcourses` (
  `id` int(11) NOT NULL,
  `title` varchar(255) NOT NULL,
  `description` text NOT NULL,
  `rating` decimal(2,1) NOT NULL,
  `image_path` text NOT NULL,
  `price` decimal(10,2) NOT NULL,
  `Status` tinyint(4) DEFAULT 1
) ENGINE=InnoDB DEFAULT CHARSET=utf8mb4 COLLATE=utf8mb4_general_ci;

--
-- Dumping data for table `newcourses`
--

INSERT INTO `newcourses` (`id`, `title`, `description`, `rating`, `image_path`, `price`, `Status`) VALUES
(15, 'Mastering Android Development', 'Dive into the world of Android app development with this comprehensive course, covering fundamentals, UI/UX, Kotlin, and more.', 4.8, 'sources/Courses/android.jpg', 49.99, 1),
(16, 'CSS Fundamentals and Beyond', 'Learn the essential CSS skills to style your web pages like a pro, from basic syntax to advanced layouts and animations.', 4.7, 'sources/Courses/CSS.jpg', 49.99, 1),
(17, 'CSS with Sass and Preprocessors', 'Take your CSS to the next level with Sass, a popular preprocessor that streamlines coding and enhances maintainability.', 4.6, 'sources/Courses/CSS.png', 29.99, 1),
(18, 'Flutter for Cross-Platform App Development', 'Build beautiful and high-performance apps for iOS and Android with Flutter, a modern framework from Google.', 4.9, 'sources/Courses/Flutter.jpg', 79.99, 1),
(19, 'HTML5: The Building Blocks of the Web', 'Master the foundational language of the web, HTML5, and create engaging and interactive web pages.', 4.5, 'sources/Courses/HTML.png', 24.99, 1),
(20, 'Java Programming: From Beginner to Pro', 'Learn Java, a powerful and versatile language used for web, desktop, mobile, and more. Covers core concepts, advanced topics, and practical projects.', 4.9, 'sources/Courses/Java.jpeg', 129.99, 1),
(21, 'JavaScript: The Language of the Web', 'Unlock the power of JavaScript to create dynamic and interactive web experiences. Explore core concepts, libraries, frameworks, and more.', 4.8, 'sources/Courses/JavaScript.jpg', 99.99, 1),
(22, 'JavaScript Development with React', 'Learn React, a popular JavaScript library for building efficient and reusable user interfaces.', 4.7, 'sources/Courses/Javascript.png', 69.99, 1),
(23, 'Kotlin for Android Development', 'Kotlin is becoming the preferred language for Android development. Learn syntax, object-oriented concepts, and practical skills.', 4.8, 'sources/Courses/kotlin.jpg', 59.99, 1),
(24, 'PHP Web Development: Back-End Fundamentals', 'Build dynamic websites and web applications with PHP, a popular server-side scripting language.', 4.6, 'sources/Courses/PHP.jpg', 39.99, 1),
(25, 'Python Programming: Beginner to Data Science', 'Master Python, a versatile language used for web development, data science, machine learning, and more.', 4.9, 'sources/Courses/Python.jpg', 149.99, 1),
(26, 'React for Web Development: Build Modern UIs', 'Learn React, a popular JavaScript library for building efficient and reusable user interfaces.', 4.7, 'sources/Courses/React.jpg', 69.99, 1),
(27, 'React Native for Mobile Development', 'Build native mobile apps for iOS and Android with React Native, a framework using JavaScript and React.', 4.8, 'sources/Courses/react_native.png', 89.99, 1),
(28, 'Swift Programming: Build iOS Apps', 'Learn Swift, the official language for developing iOS apps on Apple devices, and bring your app ideas to life.', 4.9, 'sources/Courses/swift.jpg', 99.99, 1),
(38, 'Money', 'Money for computer', 0.3, 'sources/Courses/11119.png', 0.08, 0),
(56, 'kealeng', 'kealeng', 4.5, 'sources/Courses/Kealeng.jpg', 900000.20, 1);

-- --------------------------------------------------------

--
-- Table structure for table `teacher`
--

CREATE TABLE `teacher` (
  `ID` int(11) NOT NULL,
  `Name` varchar(255) NOT NULL,
  `Image` varchar(255) NOT NULL,
  `Active` varchar(10) NOT NULL
) ENGINE=InnoDB DEFAULT CHARSET=utf8mb4 COLLATE=utf8mb4_general_ci;

--
-- Dumping data for table `teacher`
--

INSERT INTO `teacher` (`ID`, `Name`, `Image`, `Active`) VALUES
(2, 'Liza', 'teacher-3.jpg', 'yes'),
(15, 'Jonh Dev', 'teacher-1.jpg', 'yes'),
(16, 'Jonh son', 'teacher-4.jpg', 'no'),
(23, 'Ma Ryta', 'teacher-2.jpg', 'no');

-- --------------------------------------------------------

--
-- Table structure for table `users`
--

CREATE TABLE `users` (
  `id` int(11) NOT NULL,
  `username` varchar(255) NOT NULL,
  `email` varchar(255) NOT NULL,
  `password` varchar(255) NOT NULL,
  `isAdmin` tinyint(1) DEFAULT 0,
  `userCart` text DEFAULT NULL
) ENGINE=InnoDB DEFAULT CHARSET=utf8mb4 COLLATE=utf8mb4_general_ci;

--
-- Dumping data for table `users`
--

INSERT INTO `users` (`id`, `username`, `email`, `password`, `isAdmin`, `userCart`) VALUES
(1, 'sunly', 'sunly@gmail.com', '$2y$10$tFJi0ib8e0ef79ndpBh6eez.A7mGwd3AASl1QYravNdY1z1aQz062', 0, NULL),
(2, 'dan', 'dan@mail.com', '$2y$10$eexN0zbM8eF5ywUXGl42r.68MxQWHKuAfR726Wq3.DcZCA9CPj67a', 0, NULL),
(11, 'admin', 'admin@gmail.com', '$2y$10$tFJi0ib8e0ef79ndpBh6eez.A7mGwd3AASl1QYravNdY1z1aQz062', 1, NULL),
(12, 'newuser', 'newuser@gmail.com', '$2y$10$MjlzSkMhdtuyDedXlqFtzOhU3RLhVSc46/upvwGmmhCT6ujaqYPeq', 0, NULL);

-- --------------------------------------------------------

--
-- Table structure for table `user_cart`
--

CREATE TABLE `user_cart` (
  `user_id` int(11) NOT NULL,
  `course_id` int(11) NOT NULL
) ENGINE=InnoDB DEFAULT CHARSET=utf8mb4 COLLATE=utf8mb4_general_ci;

--
-- Dumping data for table `user_cart`
--

INSERT INTO `user_cart` (`user_id`, `course_id`) VALUES
(1, 15),
(1, 17),
(1, 18),
(1, 19),
(1, 22),
(1, 23),
(1, 25),
(1, 26),
(12, 15),
(12, 16),
(12, 19),
(12, 23),
(12, 25),
(12, 26);

--
-- Indexes for dumped tables
--

--
-- Indexes for table `newcourses`
--
ALTER TABLE `newcourses`
  ADD PRIMARY KEY (`id`);

--
-- Indexes for table `teacher`
--
ALTER TABLE `teacher`
  ADD PRIMARY KEY (`ID`);

--
-- Indexes for table `users`
--
ALTER TABLE `users`
  ADD PRIMARY KEY (`id`),
  ADD UNIQUE KEY `username` (`username`),
  ADD UNIQUE KEY `email` (`email`);

--
-- Indexes for table `user_cart`
--
ALTER TABLE `user_cart`
  ADD PRIMARY KEY (`user_id`,`course_id`),
  ADD KEY `course_id` (`course_id`);

--
-- AUTO_INCREMENT for dumped tables
--

--
-- AUTO_INCREMENT for table `newcourses`
--
ALTER TABLE `newcourses`
  MODIFY `id` int(11) NOT NULL AUTO_INCREMENT, AUTO_INCREMENT=57;

--
-- AUTO_INCREMENT for table `teacher`
--
ALTER TABLE `teacher`
  MODIFY `ID` int(11) NOT NULL AUTO_INCREMENT, AUTO_INCREMENT=24;

--
-- AUTO_INCREMENT for table `users`
--
ALTER TABLE `users`
  MODIFY `id` int(11) NOT NULL AUTO_INCREMENT, AUTO_INCREMENT=13;

--
-- Constraints for dumped tables
--

--
-- Constraints for table `user_cart`
--
ALTER TABLE `user_cart`
  ADD CONSTRAINT `user_cart_ibfk_1` FOREIGN KEY (`user_id`) REFERENCES `users` (`id`),
  ADD CONSTRAINT `user_cart_ibfk_2` FOREIGN KEY (`course_id`) REFERENCES `newcourses` (`id`);
COMMIT;

/*!40101 SET CHARACTER_SET_CLIENT=@OLD_CHARACTER_SET_CLIENT */;
/*!40101 SET CHARACTER_SET_RESULTS=@OLD_CHARACTER_SET_RESULTS */;
/*!40101 SET COLLATION_CONNECTION=@OLD_COLLATION_CONNECTION */;
